[
  {
    "value": "Teknik Informatika",
    "synonyms": [
      "Teknik Informatika",
      "TI",
      "Informatika",
      "IF"
    ]
  },
  {
    "value": "Sistem Informasi",
    "synonyms": [
      "SI",
      "BIS",
      "Bisnis Informasi Sistem",
      "Business Information System",
      "Sistem informasi"
    ]
  },
  {
    "value": "Arsitektur",
    "synonyms": [
      "Arsitektur",
      "Arsitek",
      "Arsi",
      "Sitek"
    ]
  },
  {
    "value": "Manajemen Bisnis",
    "synonyms": [
      "Manajemen Bisnis",
      "MB",
      "Bussines Management",
      "BM",
      "Bisnis manajemen"
    ]
  },
  {
    "value": "Hosiptality \u0026 Tourism",
    "synonyms": [
      "Hosiptality \u0026",
      "Hospar",
      "Hospital",
      "Parawisata",
      "Hospitality parawisata"
    ]
  },
  {
    "value": "Desain Komunikasi Visual",
    "synonyms": [
      "Desain Kom",
      "DKV",
      "Desain Komunikasi Visual",
      "Design Com"
    ]
  },
  {
    "value": "Desain Interior",
    "synonyms": [
      "Desain Interior",
      "Desin",
      "DI",
      "Design Interior",
      "Desain inter"
    ]
  },
  {
    "value": "Culinary Arts",
    "synonyms": [
      "Culinary",
      "Kuliner",
      "CA",
      "F\u0026B"
    ]
  },
  {
    "value": "Teknik sipil",
    "synonyms": [
      "Teknik Sipil",
      "CE",
      "Sipil",
      "Civil Engine",
      "Teksip",
      "Teksipil"
    ]
  },
  {
    "value": "Urban Planning",
    "synonyms": [
      "Urban Planning",
      "Perencanaan Wilayah Kota",
      "PWK",
      "UP",
      "Planologi"
    ]
  },
  {
    "value": "Retail Management",
    "synonyms": [
      "Retail Management",
      "Manajemen Ritel",
      "Retail",
      "Ritel",
      "RM"
    ]
  },
  {
    "value": "Accounting",
    "synonyms": [
      "Accounting",
      "Akuntansi",
      "ACC",
      "Akuntan"
    ]
  }
]