[
  {
    "value": "pembulian",
    "synonyms": [
      "pembulian",
      "bullying",
      "bully",
      "mengejek",
      "runding",
      "perundingan"
    ]
  },
  {
    "value": "keuangan",
    "synonyms": [
      "keuangan",
      "finansial",
      "uang",
      "biaya",
      "duit"
    ]
  },
  {
    "value": "mata_kuliah",
    "synonyms": [
      "mata_kuliah",
      "kuliah",
      "akademik",
      "belajar",
      "pelajaran",
      "MK",
      "mk",
      "Matkul"
    ]
  },
  {
    "value": "umum",
    "synonyms": [
      "umum",
      "curhat",
      "lain",
      "general",
      "personal"
    ]
  }
]