[
  {
    "value": "Studio Estetika Bentuk",
    "synonyms": [
      "Studio Estetika Bentuk",
      "SEB"
    ]
  },
  {
    "value": "Pengantar Arsitektur",
    "synonyms": [
      "Pengantar Arsitektur",
      "PA"
    ]
  },
  {
    "value": "Estetika Bentuk",
    "synonyms": [
      "Estetika Bentuk",
      "EB"
    ]
  },
  {
    "value": "Studi Tapak dan Lingkungan",
    "synonyms": [
      "Studi Tapak dan Lingkungan",
      "STL"
    ]
  },
  {
    "value": "Logika Teknik Konstruksi",
    "synonyms": [
      "Logika Teknik Konstruksi",
      "LTK"
    ]
  },
  {
    "value": "Komunikasi Visual",
    "synonyms": [
      "Komunikasi Visual",
      "KV"
    ]
  },
  {
    "value": "Desain Arsitektur 1",
    "synonyms": [
      "Desain Arsitektur 1",
      "DA1"
    ]
  },
  {
    "value": "Teknik Komunikasi Arsitektur",
    "synonyms": [
      "Teknik Komunikasi Arsitektur",
      "TKA"
    ]
  },
  {
    "value": "Fisika",
    "synonyms": [
      "Fisika",
      "FIS"
    ]
  },
  {
    "value": "Pengantar Konstruksi Bangunan",
    "synonyms": [
      "Pengantar Konstruksi Bangunan",
      "PKB"
    ]
  },
  {
    "value": "Sistem Bangunan 1",
    "synonyms": [
      "Sistem Bangunan 1",
      "SB1"
    ]
  },
  {
    "value": "Arsitektur dan Perilaku",
    "synonyms": [
      "Arsitektur dan Perilaku",
      "AP"
    ]
  },
  {
    "value": "Desain Arsitektur 2",
    "synonyms": [
      "Desain Arsitektur 2",
      "DA2"
    ]
  },
  {
    "value": "Diakronik Arsitektur Indonesia",
    "synonyms": [
      "Diakronik Arsitektur Indonesia",
      "DAI"
    ]
  },
  {
    "value": "Sains Arsitektur",
    "synonyms": [
      "Sains Arsitektur",
      "SA"
    ]
  },
  {
    "value": "Mekanika Arsitektur",
    "synonyms": [
      "Mekanika Arsitektur",
      "MA"
    ]
  },
  {
    "value": "Presentasi Arsitektur Digital",
    "synonyms": [
      "Presentasi Arsitektur Digital",
      "PAD"
    ]
  },
  {
    "value": "Rencana Anggaran Biaya",
    "synonyms": [
      "Rencana Anggaran Biaya",
      "RAB"
    ]
  },
  {
    "value": "Desain Arsitektur 3",
    "synonyms": [
      "Desain Arsitektur 3",
      "DA3"
    ]
  },
  {
    "value": "Sistem Bangunan 2",
    "synonyms": [
      "Sistem Bangunan 2",
      "SB2"
    ]
  },
  {
    "value": "Arsitektur Kontemporer",
    "synonyms": [
      "Arsitektur Kontemporer",
      "AK"
    ]
  },
  {
    "value": "Inovasi Teknologi dan Material",
    "synonyms": [
      "Inovasi Teknologi dan Material",
      "ITM"
    ]
  },
  {
    "value": "Arsitektur Hijau",
    "synonyms": [
      "Arsitektur Hijau",
      "AH"
    ]
  },
  {
    "value": "Apresiasi Arsitektur",
    "synonyms": [
      "Apresiasi Arsitektur",
      "APR"
    ]
  },
  {
    "value": "Desain Arsitektur 4",
    "synonyms": [
      "Desain Arsitektur 4",
      "DA4"
    ]
  },
  {
    "value": "Desain Universal",
    "synonyms": [
      "Desain Universal",
      "DU"
    ]
  },
  {
    "value": "Manajemen Proyek",
    "synonyms": [
      "Manajemen Proyek",
      "MP"
    ]
  },
  {
    "value": "Arsitektur Berkelanjutan",
    "synonyms": [
      "Arsitektur Berkelanjutan",
      "AB"
    ]
  },
  {
    "value": "Arsitektur dan Pemukiman",
    "synonyms": [
      "Arsitektur dan Pemukiman",
      "APM"
    ]
  },
  {
    "value": "Pendekatan Arsitektur Komputasional",
    "synonyms": [
      "Pendekatan Arsitektur Komputasional",
      "PAK"
    ]
  },
  {
    "value": "Sistem Bangunan 3",
    "synonyms": [
      "Sistem Bangunan 3",
      "SB3"
    ]
  },
  {
    "value": "Desain Arsitektur 5",
    "synonyms": [
      "Desain Arsitektur 5",
      "DA5"
    ]
  },
  {
    "value": "Studio Eksplorasi Desain",
    "synonyms": [
      "Studio Eksplorasi Desain",
      "SED"
    ]
  },
  {
    "value": "Proyek Independen",
    "synonyms": [
      "Proyek Independen",
      "PI"
    ]
  },
  {
    "value": "Arsitektur Kota",
    "synonyms": [
      "Arsitektur Kota",
      "AKT"
    ]
  },
  {
    "value": "Pranata Pembangunan",
    "synonyms": [
      "Pranata Pembangunan",
      "PPB"
    ]
  },
  {
    "value": "Sistem Bangunan dan Lingkungan",
    "synonyms": [
      "Sistem Bangunan dan Lingkungan",
      "SBL",
      "SBDL"
    ]
  },
  {
    "value": "Perancangan Tapak",
    "synonyms": [
      "Perancangan Tapak",
      "PT"
    ]
  },
  {
    "value": "Perencanaan Pengembangan Perumahan",
    "synonyms": [
      "Perencanaan Pengembangan Perumahan",
      "PPP"
    ]
  },
  {
    "value": "Sistem Bangunan dan Kawasan",
    "synonyms": [
      "Sistem Bangunan dan Kawasan",
      "SBK"
    ]
  },
  {
    "value": "Studio Pemrograman dan Desain Tingkat Lanjut",
    "synonyms": [
      "Studio Pemrograman dan Desain Tingkat Lanjut",
      "SPDTL",
      "SPDDTL"
    ]
  },
  {
    "value": "Kerja Praktek",
    "synonyms": [
      "Kerja Praktek",
      "KP"
    ]
  },
  {
    "value": "Etika dan Budaya",
    "synonyms": [
      "Etika dan Budaya",
      "EB"
    ]
  },
  {
    "value": "Media Presentasi Visual",
    "synonyms": [
      "Media Presentasi Visual",
      "MPV"
    ]
  },
  {
    "value": "Perancangan Ruang Dalam",
    "synonyms": [
      "Perancangan Ruang Dalam",
      "PRI"
    ]
  },
  {
    "value": "Metodologi Penelitian",
    "synonyms": [
      "Metodologi Penelitian",
      "MP"
    ]
  },
  {
    "value": "Arsitektur Kolaborasi",
    "synonyms": [
      "Arsitektur Kolaborasi",
      "AKL"
    ]
  },
  {
    "value": "Penilaian Bangunan Hijau",
    "synonyms": [
      "Penilaian Bangunan Hijau",
      "PBH"
    ]
  },
  {
    "value": "Inovasi Desain Fasade",
    "synonyms": [
      "Inovasi Desain Fasade",
      "IDF"
    ]
  }
]