[
  {
    "id": "8054fb32-1adf-43e3-a55b-e888e3cf1510",
    "data": [
      {
        "text": "End",
        "userDefined": false
      }
    ],
    "isTemplate": false,
    "count": 0,
    "lang": "id",
    "updated": 0
  },
  {
    "id": "edf67acd-9d40-4f50-94d1-e1cef5c2860f",
    "data": [
      {
        "text": "Selesai dulu",
        "userDefined": false
      }
    ],
    "isTemplate": false,
    "count": 0,
    "lang": "id",
    "updated": 0
  },
  {
    "id": "b970eb92-dab8-432a-8dfb-378e99c1ea1c",
    "data": [
      {
        "text": "Sudah cukup",
        "userDefined": false
      }
    ],
    "isTemplate": false,
    "count": 0,
    "lang": "id",
    "updated": 0
  },
  {
    "id": "c0c550a1-d403-4c73-b3c2-456e18d12225",
    "data": [
      {
        "text": "Makasih udah dengerin",
        "userDefined": false
      }
    ],
    "isTemplate": false,
    "count": 0,
    "lang": "id",
    "updated": 0
  },
  {
    "id": "35be217b-cd3c-423c-b6ec-50a72abbb1ca",
    "data": [
      {
        "text": "Udah dulu",
        "userDefined": false
      }
    ],
    "isTemplate": false,
    "count": 0,
    "lang": "id",
    "updated": 0
  },
  {
    "id": "e1d8f65f-a582-40e2-95f5-831f4fc20a9f",
    "data": [
      {
        "text": "Sampai jumpa",
        "userDefined": false
      }
    ],
    "isTemplate": false,
    "count": 0,
    "lang": "id",
    "updated": 0
  },
  {
    "id": "83bf0798-9034-4461-93f8-fc98a511b6e2",
    "data": [
      {
        "text": "Terima kasih",
        "userDefined": false
      }
    ],
    "isTemplate": false,
    "count": 0,
    "lang": "id",
    "updated": 0
  },
  {
    "id": "eea80606-e0ff-42d6-b33f-a30645fc7101",
    "data": [
      {
        "text": "Selesai",
        "userDefined": false
      }
    ],
    "isTemplate": false,
    "count": 0,
    "lang": "id",
    "updated": 0
  }
]