[
  {
    "id": "34afc366-cf51-4f02-919e-6902ac57be39",
    "data": [
      {
        "text": "mulai ",
        "userDefined": false
      },
      {
        "text": "konsultasi",
        "meta": "@sys.location",
        "alias": "location",
        "userDefined": false
      }
    ],
    "isTemplate": false,
    "count": 0,
    "lang": "id",
    "updated": 0
  },
  {
    "id": "77ff2457-581f-463b-ae7a-c1eb12789bfd",
    "data": [
      {
        "text": "start consultation",
        "userDefined": false
      }
    ],
    "isTemplate": false,
    "count": 0,
    "lang": "id",
    "updated": 0
  },
  {
    "id": "9163daef-5a93-496b-97ac-e9c25ec81c3e",
    "data": [
      {
        "text": "start",
        "userDefined": false
      }
    ],
    "isTemplate": false,
    "count": 0,
    "lang": "id",
    "updated": 0
  },
  {
    "id": "a7782a06-1447-4ea3-b2bc-8ae0907714c5",
    "data": [
      {
        "text": "Mulai",
        "userDefined": false
      }
    ],
    "isTemplate": false,
    "count": 0,
    "lang": "id",
    "updated": 0
  }
]