[
  {
    "id": "4201f0f8-697f-41a5-8833-64afd51eb6cc",
    "data": [
      {
        "text": "umum",
        "meta": "@kategori_konsultasi",
        "alias": "kategori_konsultasi",
        "userDefined": false
      }
    ],
    "isTemplate": false,
    "count": 0,
    "lang": "id",
    "updated": 0
  },
  {
    "id": "70dc1564-1b48-4257-b269-dcf3abd9159a",
    "data": [
      {
        "text": "mata kuliah",
        "meta": "@kategori_konsultasi",
        "alias": "kategori_konsultasi",
        "userDefined": false
      }
    ],
    "isTemplate": false,
    "count": 0,
    "lang": "id",
    "updated": 0
  },
  {
    "id": "1da70ca4-d3c9-4e2d-81e7-8e70fa5da9ce",
    "data": [
      {
        "text": "keuangan",
        "meta": "@kategori_konsultasi",
        "alias": "kategori_konsultasi",
        "userDefined": false
      }
    ],
    "isTemplate": false,
    "count": 0,
    "lang": "id",
    "updated": 0
  },
  {
    "id": "e81e847a-1945-4df0-a847-94474145c1a0",
    "data": [
      {
        "text": "pembulian",
        "meta": "@kategori_konsultasi",
        "alias": "kategori_konsultasi",
        "userDefined": false
      }
    ],
    "isTemplate": false,
    "count": 0,
    "lang": "id",
    "updated": 0
  },
  {
    "id": "c7808674-55ef-4f8b-84f2-4fb5d5388a31",
    "data": [
      {
        "text": "kategori_",
        "userDefined": false
      },
      {
        "text": "umum",
        "meta": "@kategori_konsultasi",
        "alias": "kategori_konsultasi",
        "userDefined": false
      }
    ],
    "isTemplate": false,
    "count": 0,
    "lang": "id",
    "updated": 0
  },
  {
    "id": "87b54e13-dbf1-44b7-ae0b-367ebda86d15",
    "data": [
      {
        "text": "kategori_",
        "userDefined": false
      },
      {
        "text": "matkul",
        "meta": "@kategori_konsultasi",
        "alias": "kategori_konsultasi",
        "userDefined": true
      }
    ],
    "isTemplate": false,
    "count": 0,
    "lang": "id",
    "updated": 0
  },
  {
    "id": "d16acb39-0cf7-40e7-986b-243d31f3e353",
    "data": [
      {
        "text": "kategori_",
        "userDefined": false
      },
      {
        "text": "keuangan",
        "meta": "@kategori_konsultasi",
        "alias": "kategori_konsultasi",
        "userDefined": false
      }
    ],
    "isTemplate": false,
    "count": 0,
    "lang": "id",
    "updated": 0
  },
  {
    "id": "f11aa36f-2b87-4b49-93fb-d8e84561ba8d",
    "data": [
      {
        "text": "kategori_",
        "userDefined": false
      },
      {
        "text": "pembulian",
        "meta": "@kategori_konsultasi",
        "alias": "kategori_konsultasi",
        "userDefined": false
      }
    ],
    "isTemplate": false,
    "count": 0,
    "lang": "id",
    "updated": 0
  }
]