[
  {
    "id": "58e26457-0c42-4b5d-a806-deb9ffdf6442",
    "data": [
      {
        "text": "konsultasi baru",
        "userDefined": false
      }
    ],
    "isTemplate": false,
    "count": 0,
    "lang": "id",
    "updated": 0
  },
  {
    "id": "17236fcf-fc3d-42df-b852-273ac89e33ca",
    "data": [
      {
        "text": "selesai",
        "userDefined": false
      }
    ],
    "isTemplate": false,
    "count": 0,
    "lang": "id",
    "updated": 0
  },
  {
    "id": "7d93fb5e-11a0-4149-8edb-a7b22740fa8a",
    "data": [
      {
        "text": "end_session",
        "userDefined": false
      }
    ],
    "isTemplate": false,
    "count": 0,
    "lang": "id",
    "updated": 0
  },
  {
    "id": "c149472f-274b-45b8-997e-a34f4b23f048",
    "data": [
      {
        "text": "start_new",
        "userDefined": false
      }
    ],
    "isTemplate": false,
    "count": 0,
    "lang": "id",
    "updated": 0
  }
]