[
  {
    "id": "1887265b-6f0e-4802-b19e-7d7a5f4addaa",
    "data": [
      {
        "text": "matkul",
        "meta": "@kategori_konsultasi",
        "alias": "kategori_konsultasi",
        "userDefined": false
      },
      {
        "text": "_custom",
        "userDefined": false
      }
    ],
    "isTemplate": false,
    "count": 0,
    "lang": "id",
    "updated": 0
  },
  {
    "id": "7480ab9e-7f87-4058-a015-c6db1e86e292",
    "data": [
      {
        "text": "machine learning",
        "userDefined": false
      }
    ],
    "isTemplate": false,
    "count": 0,
    "lang": "id",
    "updated": 0
  },
  {
    "id": "3506253e-dd29-413f-8181-84c0b383fb83",
    "data": [
      {
        "text": "jaringan komputer",
        "userDefined": false
      }
    ],
    "isTemplate": false,
    "count": 0,
    "lang": "id",
    "updated": 0
  },
  {
    "id": "4001f5e9-df8d-47e6-a3a7-6bd2b8e47267",
    "data": [
      {
        "text": "sistem operasi",
        "userDefined": false
      }
    ],
    "isTemplate": false,
    "count": 0,
    "lang": "id",
    "updated": 0
  },
  {
    "id": "8443a6e2-b4e1-4c9f-b54e-95e9176e8158",
    "data": [
      {
        "text": "pemrograman web",
        "userDefined": false
      }
    ],
    "isTemplate": false,
    "count": 0,
    "lang": "id",
    "updated": 0
  },
  {
    "id": "cd19fa16-d644-482d-b6e0-0a0a9ad7bd14",
    "data": [
      {
        "text": "basis data",
        "userDefined": false
      }
    ],
    "isTemplate": false,
    "count": 0,
    "lang": "id",
    "updated": 0
  },
  {
    "id": "ce461062-528a-4899-9d9f-28c837c5d532",
    "data": [
      {
        "text": "matkul",
        "meta": "@kategori_konsultasi",
        "alias": "kategori_konsultasi",
        "userDefined": false
      },
      {
        "text": "_",
        "userDefined": false
      },
      {
        "text": "5",
        "meta": "@sys.number",
        "alias": "number",
        "userDefined": false
      }
    ],
    "isTemplate": false,
    "count": 0,
    "lang": "id",
    "updated": 0
  },
  {
    "id": "98de217b-34e7-4cf8-8348-3001112e8968",
    "data": [
      {
        "text": "matkul",
        "meta": "@kategori_konsultasi",
        "alias": "kategori_konsultasi",
        "userDefined": false
      },
      {
        "text": "_",
        "userDefined": false
      },
      {
        "text": "4",
        "meta": "@sys.number",
        "alias": "number",
        "userDefined": false
      }
    ],
    "isTemplate": false,
    "count": 0,
    "lang": "id",
    "updated": 0
  },
  {
    "id": "856df7f5-e70f-4bce-ac8f-bfef194d2d3f",
    "data": [
      {
        "text": "matkul",
        "meta": "@kategori_konsultasi",
        "alias": "kategori_konsultasi",
        "userDefined": false
      },
      {
        "text": "_",
        "userDefined": false
      },
      {
        "text": "3",
        "meta": "@sys.date-time",
        "alias": "date-time",
        "userDefined": false
      }
    ],
    "isTemplate": false,
    "count": 0,
    "lang": "id",
    "updated": 0
  },
  {
    "id": "7c66439b-aa46-404e-b356-1bd5eee4da1e",
    "data": [
      {
        "text": "matkul",
        "meta": "@kategori_konsultasi",
        "alias": "kategori_konsultasi",
        "userDefined": false
      },
      {
        "text": "_",
        "userDefined": false
      },
      {
        "text": "2",
        "meta": "@sys.number",
        "alias": "number",
        "userDefined": false
      }
    ],
    "isTemplate": false,
    "count": 0,
    "lang": "id",
    "updated": 0
  },
  {
    "id": "c247a3a0-6bf1-4582-aa87-e92eda75b211",
    "data": [
      {
        "text": "matkul",
        "meta": "@kategori_konsultasi",
        "alias": "kategori_konsultasi",
        "userDefined": false
      },
      {
        "text": "_",
        "userDefined": false
      },
      {
        "text": "1",
        "meta": "@sys.number",
        "alias": "number",
        "userDefined": false
      }
    ],
    "isTemplate": false,
    "count": 0,
    "lang": "id",
    "updated": 0
  }
]