[
  {
    "id": "e0d69249-20bd-48bc-aa00-f20a7712f69e",
    "data": [
      {
        "text": "f\u0026b",
        "meta": "@jurusan",
        "alias": "jurusan",
        "userDefined": false
      },
      {
        "text": " retail management",
        "userDefined": false
      }
    ],
    "isTemplate": false,
    "count": 0,
    "lang": "id",
    "updated": 0
  },
  {
    "id": "052eb1ff-753d-47c4-b672-7f6fff2e6e61",
    "data": [
      {
        "text": "business management",
        "userDefined": false
      }
    ],
    "isTemplate": false,
    "count": 0,
    "lang": "id",
    "updated": 0
  },
  {
    "id": "802543ae-aba3-4cc5-848f-1b3fe95245a4",
    "data": [
      {
        "text": "teknik sipil",
        "userDefined": false
      }
    ],
    "isTemplate": false,
    "count": 0,
    "lang": "id",
    "updated": 0
  },
  {
    "id": "6c6b7397-5a5b-46dc-90d4-fd3395c266df",
    "data": [
      {
        "text": "sistem informasi",
        "meta": "@jurusan",
        "alias": "jurusan",
        "userDefined": false
      }
    ],
    "isTemplate": false,
    "count": 0,
    "lang": "id",
    "updated": 0
  },
  {
    "id": "00677a51-6927-4aba-99f3-908932a28e40",
    "data": [
      {
        "text": "jurusan",
        "meta": "@jurusan",
        "alias": "jurusan",
        "userDefined": false
      },
      {
        "text": "_fb",
        "userDefined": false
      }
    ],
    "isTemplate": false,
    "count": 0,
    "lang": "id",
    "updated": 0
  },
  {
    "id": "7018cc6a-da3d-4f60-a938-6aba8cebbe72",
    "data": [
      {
        "text": "jurusan",
        "meta": "@jurusan",
        "alias": "jurusan",
        "userDefined": false
      },
      {
        "text": "_",
        "userDefined": false
      },
      {
        "text": "bm",
        "meta": "@jurusan",
        "alias": "jurusan1",
        "userDefined": false
      }
    ],
    "isTemplate": false,
    "count": 0,
    "lang": "id",
    "updated": 0
  },
  {
    "id": "1461259e-7e67-4bfa-b08b-e381d1b32605",
    "data": [
      {
        "text": "jurusan",
        "meta": "@jurusan",
        "alias": "jurusan",
        "userDefined": false
      },
      {
        "text": "_ts",
        "userDefined": false
      }
    ],
    "isTemplate": false,
    "count": 0,
    "lang": "id",
    "updated": 0
  },
  {
    "id": "12f810cf-8f52-47df-be68-1c0262dcbb5b",
    "data": [
      {
        "text": "jurusan",
        "meta": "@jurusan",
        "alias": "jurusan",
        "userDefined": false
      },
      {
        "text": "_",
        "userDefined": false
      },
      {
        "text": "si",
        "meta": "@jurusan",
        "alias": "jurusan1",
        "userDefined": false
      }
    ],
    "isTemplate": false,
    "count": 0,
    "lang": "id",
    "updated": 0
  }
]