[
  {
    "id": "9129632e-1118-43af-a500-2cbeffb1efb4",
    "data": [
      {
        "text": "/start",
        "userDefined": false
      }
    ],
    "isTemplate": false,
    "count": 0,
    "lang": "id",
    "updated": 0
  },
  {
    "id": "a9b16151-6ed8-49b9-8913-c8d74fe203c8",
    "data": [
      {
        "text": "Konsultasi",
        "userDefined": false
      }
    ],
    "isTemplate": false,
    "count": 0,
    "lang": "id",
    "updated": 0
  },
  {
    "id": "fa1b6877-bf62-4af6-ae3b-9548de1525a8",
    "data": [
      {
        "text": "Hai bot",
        "userDefined": false
      }
    ],
    "isTemplate": false,
    "count": 0,
    "lang": "id",
    "updated": 0
  },
  {
    "id": "8a580673-ff72-4992-b5b5-9cddf23e2be8",
    "data": [
      {
        "text": "Mau curhat",
        "userDefined": false
      }
    ],
    "isTemplate": false,
    "count": 0,
    "lang": "id",
    "updated": 0
  },
  {
    "id": "d0a3878c-7fb2-4cb2-8187-7a871f527b38",
    "data": [
      {
        "text": "Mulai",
        "userDefined": false
      }
    ],
    "isTemplate": false,
    "count": 0,
    "lang": "id",
    "updated": 0
  },
  {
    "id": "bd4484a1-7829-473c-b57b-a8893dac22ac",
    "data": [
      {
        "text": "Saya mau konsul",
        "userDefined": false
      }
    ],
    "isTemplate": false,
    "count": 0,
    "lang": "id",
    "updated": 0
  },
  {
    "id": "fee41ede-9391-4c49-af08-1e180d575941",
    "data": [
      {
        "text": "halo yang di sana",
        "userDefined": false
      }
    ],
    "isTemplate": false,
    "count": 0,
    "lang": "id",
    "updated": 0
  },
  {
    "id": "126a5c2d-8215-4604-b950-f9e984dab92e",
    "data": [
      {
        "text": "halo",
        "userDefined": false
      }
    ],
    "isTemplate": false,
    "count": 0,
    "lang": "id",
    "updated": 0
  },
  {
    "id": "25644e4a-970c-4bd0-81a0-e871bbb72582",
    "data": [
      {
        "text": "hai",
        "userDefined": false
      }
    ],
    "isTemplate": false,
    "count": 0,
    "lang": "id",
    "updated": 0
  },
  {
    "id": "b76936ee-28e8-4ee2-9407-8c30556b6448",
    "data": [
      {
        "text": "salam",
        "userDefined": false
      }
    ],
    "isTemplate": false,
    "count": 0,
    "lang": "id",
    "updated": 0
  },
  {
    "id": "8947d6a0-aed8-47fa-ad05-dd002fe0f235",
    "data": [
      {
        "text": "halo halo",
        "userDefined": false
      }
    ],
    "isTemplate": false,
    "count": 0,
    "lang": "id",
    "updated": 0
  },
  {
    "id": "7ae30134-dc72-4eb5-bd2f-0d3e7a3502e7",
    "data": [
      {
        "text": "lama nggak ketemu",
        "userDefined": false
      }
    ],
    "isTemplate": false,
    "count": 0,
    "lang": "id",
    "updated": 0
  },
  {
    "id": "8e9c7bf5-e601-49fb-b2ba-a9ef690943ac",
    "data": [
      {
        "text": "hai hai",
        "userDefined": false
      }
    ],
    "isTemplate": false,
    "count": 0,
    "lang": "id",
    "updated": 0
  },
  {
    "id": "fd5dc14b-7f5c-4ffe-b9c8-849a74d9b68a",
    "data": [
      {
        "text": "halo apa kabar",
        "userDefined": false
      }
    ],
    "isTemplate": false,
    "count": 0,
    "lang": "id",
    "updated": 0
  },
  {
    "id": "ff5013db-cd90-46c7-a906-a1be4217b75d",
    "data": [
      {
        "text": "assalamualaikum",
        "userDefined": false
      }
    ],
    "isTemplate": false,
    "count": 0,
    "lang": "id",
    "updated": 0
  },
  {
    "id": "6d97e7b7-4b72-470a-9d41-a89aa8c28422",
    "data": [
      {
        "text": "hai apa kabarnya",
        "userDefined": false
      }
    ],
    "isTemplate": false,
    "count": 0,
    "lang": "id",
    "updated": 0
  }
]