[
  {
    "id": "f75ec6a8-b7fb-4c07-9ebb-003a708c5417",
    "data": [
      {
        "text": "Begini ceritanya *",
        "userDefined": false
      }
    ],
    "isTemplate": false,
    "count": 0,
    "lang": "id",
    "updated": 0
  },
  {
    "id": "d8544cca-c647-4e90-a7f9-694436dd3543",
    "data": [
      {
        "text": "Begini *",
        "userDefined": false
      }
    ],
    "isTemplate": false,
    "count": 0,
    "lang": "id",
    "updated": 0
  },
  {
    "id": "eab12c74-257b-44f3-875a-b221d8280fee",
    "data": [
      {
        "text": "Masalahnya *",
        "userDefined": false
      }
    ],
    "isTemplate": false,
    "count": 0,
    "lang": "id",
    "updated": 0
  },
  {
    "id": "90457318-f5d2-45e2-9358-9ecc9e294dcc",
    "data": [
      {
        "text": "Jadi gini *",
        "userDefined": false
      }
    ],
    "isTemplate": false,
    "count": 0,
    "lang": "id",
    "updated": 0
  },
  {
    "id": "14a65547-5be7-4b8e-8598-8b2a5b8c1ef5",
    "data": [
      {
        "text": "Ini ceritanya *",
        "userDefined": false
      }
    ],
    "isTemplate": false,
    "count": 0,
    "lang": "id",
    "updated": 0
  }
]