[
  {
    "id": "6d909bb9-167c-4fe4-9915-1e9716560e2b",
    "data": [
      {
        "text": "saya ",
        "userDefined": false
      },
      {
        "text": "@sys.person",
        "meta": "@sys.person",
        "alias": "person",
        "userDefined": true
      },
      {
        "text": " nim ",
        "userDefined": false
      },
      {
        "text": "@nim",
        "meta": "@nim",
        "alias": "nim",
        "userDefined": true
      },
      {
        "text": " ",
        "userDefined": false
      },
      {
        "text": "@jurusan",
        "meta": "@jurusan",
        "alias": "jurusan",
        "userDefined": true
      }
    ],
    "isTemplate": false,
    "count": 0,
    "lang": "id",
    "updated": 0
  },
  {
    "id": "03f21ffa-23a5-45e3-b86b-486d9fd0de61",
    "data": [
      {
        "text": "Yanto",
        "meta": "@sys.person",
        "alias": "person",
        "userDefined": true
      },
      {
        "text": " ",
        "userDefined": false
      },
      {
        "text": "1910102020",
        "meta": "@nim",
        "alias": "nim",
        "userDefined": true
      },
      {
        "text": " ",
        "userDefined": false
      },
      {
        "text": "Hospar",
        "meta": "@jurusan",
        "alias": "jurusan",
        "userDefined": true
      }
    ],
    "isTemplate": false,
    "count": 0,
    "lang": "id",
    "updated": 0
  },
  {
    "id": "320c6747-0190-4967-8a40-a194e4c0c163",
    "data": [
      {
        "text": "nama saya ",
        "userDefined": false
      },
      {
        "text": "josep",
        "meta": "@sys.person",
        "alias": "person",
        "userDefined": true
      },
      {
        "text": " nim ",
        "userDefined": false
      },
      {
        "text": "2310102022",
        "meta": "@nim",
        "alias": "nim",
        "userDefined": true
      },
      {
        "text": " jurusan ",
        "userDefined": false
      },
      {
        "text": "Arsi",
        "meta": "@jurusan",
        "alias": "jurusan",
        "userDefined": true
      }
    ],
    "isTemplate": false,
    "count": 0,
    "lang": "id",
    "updated": 0
  },
  {
    "id": "b725a363-79d6-45d9-a7b2-4f8e6f84e466",
    "data": [
      {
        "text": "Nama ",
        "userDefined": false
      },
      {
        "text": "Tika",
        "meta": "@sys.person",
        "alias": "person",
        "userDefined": true
      },
      {
        "text": ", nimnya ",
        "userDefined": false
      },
      {
        "text": "1910102001",
        "meta": "@nim",
        "alias": "nim",
        "userDefined": true
      },
      {
        "text": ", jurusan di ",
        "userDefined": false
      },
      {
        "text": "TI",
        "meta": "@jurusan",
        "alias": "jurusan",
        "userDefined": true
      }
    ],
    "isTemplate": false,
    "count": 0,
    "lang": "id",
    "updated": 0
  },
  {
    "id": "f950391a-267a-49ac-9f83-e2463a713ca7",
    "data": [
      {
        "text": "Saya ",
        "userDefined": false
      },
      {
        "text": "Suprianto",
        "meta": "@sys.person",
        "alias": "person",
        "userDefined": true
      },
      {
        "text": ", nim ",
        "userDefined": false
      },
      {
        "text": "2310102019",
        "meta": "@nim",
        "alias": "nim",
        "userDefined": true
      },
      {
        "text": ", dari jurusan ",
        "userDefined": false
      },
      {
        "text": "Desain Interior",
        "meta": "@jurusan",
        "alias": "jurusan",
        "userDefined": false
      }
    ],
    "isTemplate": false,
    "count": 0,
    "lang": "id",
    "updated": 0
  },
  {
    "id": "17a0c1a6-67dc-4ace-8952-50831306b621",
    "data": [
      {
        "text": "Nama saya ",
        "userDefined": false
      },
      {
        "text": "Budi",
        "meta": "@sys.person",
        "alias": "person",
        "userDefined": true
      },
      {
        "text": " NIM ",
        "userDefined": false
      },
      {
        "text": "2210102000",
        "meta": "@nim",
        "alias": "nim",
        "userDefined": true
      },
      {
        "text": " Jurusan ",
        "userDefined": false
      },
      {
        "text": "Sistem informasi",
        "meta": "@jurusan",
        "alias": "jurusan",
        "userDefined": true
      }
    ],
    "isTemplate": false,
    "count": 0,
    "lang": "id",
    "updated": 0
  }
]