[
  {
    "id": "3623efff-2ecc-468e-ac40-b5376c71abd9",
    "data": [
      {
        "text": "Kuliah",
        "meta": "@sys.location",
        "alias": "location",
        "userDefined": false
      },
      {
        "text": " apa aja ",
        "userDefined": false
      },
      {
        "text": "di",
        "meta": "@jurusan",
        "alias": "jurusan",
        "userDefined": false
      },
      {
        "text": " hari [hari]?",
        "userDefined": false
      }
    ],
    "isTemplate": false,
    "count": 0,
    "lang": "id",
    "updated": 0
  },
  {
    "id": "4b44c7ec-60eb-4a2f-b00a-c19ac04c609f",
    "data": [
      {
        "text": "Ada kuliah",
        "meta": "@sys.location",
        "alias": "location",
        "userDefined": false
      },
      {
        "text": " apa hari [hari]?",
        "userDefined": false
      }
    ],
    "isTemplate": false,
    "count": 0,
    "lang": "id",
    "updated": 0
  },
  {
    "id": "f08732e6-4099-413a-a1de-cf837149f0e9",
    "data": [
      {
        "text": "Mau tanya ",
        "userDefined": false
      },
      {
        "text": "jadwal kuliah",
        "meta": "@sys.location",
        "alias": "location",
        "userDefined": false
      }
    ],
    "isTemplate": false,
    "count": 0,
    "lang": "id",
    "updated": 0
  },
  {
    "id": "d14b856c-7efe-4a51-9ef9-92d8097108d8",
    "data": [
      {
        "text": "Jadwal kuliah",
        "meta": "@sys.location",
        "alias": "location",
        "userDefined": false
      },
      {
        "text": " ",
        "userDefined": false
      },
      {
        "text": "besok",
        "meta": "@sys.date-time",
        "alias": "date-time",
        "userDefined": false
      },
      {
        "text": " apa saja?",
        "userDefined": false
      }
    ],
    "isTemplate": false,
    "count": 0,
    "lang": "id",
    "updated": 0
  },
  {
    "id": "ca9e427b-87c9-4d51-90af-1fd51838b36b",
    "data": [
      {
        "text": "Kapan ",
        "userDefined": false
      },
      {
        "text": "jadwal kuliah",
        "meta": "@sys.location",
        "alias": "location",
        "userDefined": false
      },
      {
        "text": " ",
        "userDefined": false
      },
      {
        "text": "hari ini",
        "meta": "@sys.date-time",
        "alias": "date-time",
        "userDefined": false
      },
      {
        "text": "?",
        "userDefined": false
      }
    ],
    "isTemplate": false,
    "count": 0,
    "lang": "id",
    "updated": 0
  }
]