[
  {
    "id": "e764cf65-bf62-4c7f-82ca-aa88d1ac1c30",
    "data": [
      {
        "text": "Sekedar curhat",
        "meta": "@kategori_konsultasi",
        "alias": "kategori_konsultasi",
        "userDefined": true
      }
    ],
    "isTemplate": false,
    "count": 0,
    "lang": "id",
    "updated": 0
  },
  {
    "id": "d2a82c90-2ee1-4033-9644-78e7b7f27193",
    "data": [
      {
        "text": "mata kuliah",
        "meta": "@kategori_konsultasi",
        "alias": "kategori_konsultasi",
        "userDefined": true
      }
    ],
    "isTemplate": false,
    "count": 0,
    "lang": "id",
    "updated": 0
  },
  {
    "id": "2a8daddf-a7e5-47ed-84a0-c1443508ca12",
    "data": [
      {
        "text": "umum",
        "meta": "@kategori_konsultasi",
        "alias": "kategori_konsultasi",
        "userDefined": true
      }
    ],
    "isTemplate": false,
    "count": 0,
    "lang": "id",
    "updated": 0
  },
  {
    "id": "e64ae33a-cd7d-41e6-810a-e815755244ff",
    "data": [
      {
        "text": "keuangan",
        "meta": "@kategori_konsultasi",
        "alias": "kategori_konsultasi",
        "userDefined": true
      }
    ],
    "isTemplate": false,
    "count": 0,
    "lang": "id",
    "updated": 0
  },
  {
    "id": "0e544c53-e08e-4864-b520-b15a9d9235eb",
    "data": [
      {
        "text": "pembulian",
        "meta": "@kategori_konsultasi",
        "alias": "kategori_konsultasi",
        "userDefined": true
      }
    ],
    "isTemplate": false,
    "count": 0,
    "lang": "id",
    "updated": 0
  },
  {
    "id": "fb3dc61b-8e7b-40f0-839c-c6cc51b07f70",
    "data": [
      {
        "text": "Saya mau konsul ",
        "userDefined": false
      },
      {
        "text": "hal umum",
        "meta": "@kategori_konsultasi",
        "alias": "kategori_konsultasi",
        "userDefined": true
      }
    ],
    "isTemplate": false,
    "count": 0,
    "lang": "id",
    "updated": 0
  },
  {
    "id": "64125f0f-5fc5-4fc9-9cfa-9d3ab72cd07c",
    "data": [
      {
        "text": "Topik ",
        "userDefined": false
      },
      {
        "text": "mata kuliah",
        "meta": "@kategori_konsultasi",
        "alias": "kategori_konsultasi",
        "userDefined": true
      }
    ],
    "isTemplate": false,
    "count": 0,
    "lang": "id",
    "updated": 0
  },
  {
    "id": "ff37d5c2-ec86-4d98-a29f-80958df856a4",
    "data": [
      {
        "text": "Saya ingin bicara tentang ",
        "userDefined": false
      },
      {
        "text": "keuangan",
        "meta": "@kategori_konsultasi",
        "alias": "kategori_konsultasi",
        "userDefined": true
      }
    ],
    "isTemplate": false,
    "count": 0,
    "lang": "id",
    "updated": 0
  }
]